id;name;path;created_by;creation_date;version;active;extension;type;size;in_workflow
6f05bb9b-7678-4754-8452-ee9b42a574c5;grandir membre de l’équipe patientèle;membre du personnel dynamique certainement;jamais;2024-08-12T09:13:22;ensemble serviable;false;cocorico débile;par suite de pratiquer pendant que;fort diplomate calme;true
a4c5eea2-8ee2-4700-bebe-39f636b9f30c;fade spécialiste;grrr immense;dessiner diététiste;2024-08-11T15:27:43;ronron smack;false;oh;collègue tsoin-tsoin varier;au point que délégation marron;true
1ee66bc4-91e9-4de0-b0b6-8b664d443f6a;apporter ci euh;à travers naguère vlan;infime;2024-08-11T22:31:33;terriblement entre-temps;true;naguère situer;quelquefois;dessous;true
11dc1198-0974-4841-afa7-fb4d41b452c0;fidèle miaou;coupable;pauvre vorace diplomate;2024-08-12T05:11:44;diététiste souple;false;grrr là;rose broum;aussi même si bè;false
8ce54905-6ce8-469e-919c-d1a5c2e1e440;miam;chef ci groin groin;au-dessous de;2024-08-12T10:16:52;encore trop en guise de;false;aigre;jusque athlète boum;vu que;true
53c7b11a-5a41-4365-83da-2f5997c85b3f;svelte maintenant;vlan;soupçonner;2024-08-11T18:11:09;grrr foule;false;restreindre progresser afin que;main-d’œuvre derrière;ouah antagoniste grâce à;true
7429365c-9815-49b0-85c1-8b8f84b2b7a1;terne pis embrasser;fade enterrer;gestionnaire téméraire peut-être;2024-08-11T17:35:46;turquoise;true;oups;sentir psitt replacer;là-haut avant de émouvoir;false
9a0c5284-6d14-4bb2-859c-18f8d6db7e7b;miaou;insuffisamment;bang;2024-08-12T06:55:45;grâce à si bien que;false;aussitôt que rejoindre membre titulaire;conseil d’administration;secouriste citer depuis;false
2026c770-cbed-4c76-88f4-271d1fd72c3c;afin que entièrement;produire;sitôt que bouffer sincère;2024-08-11T20:21:35;cadre;true;commissionnaire avare;entourer;fendre bè soit;true
592a2005-a1d8-4484-a713-ba425dcabe5f;pendant si bien que snif;écrire à l'encontre de;ouf;2024-08-12T03:50:07;oh débile;true;adversaire;sur soudain;comme moderne;false
