id;email;created_date;updated_date;is_active;gender;first_name;last_name;username;email_verified;deleted
530a1651-5eb5-4fa9-9b33-a4fbb9942b35;Guido_Witting70@yahoo.com;2024-05-14T14:58:28;2024-05-15T01:07:18;false;MALE;Arne;Kerluke;prompt provided yum;false;true
b3762813-f087-4f5b-8854-707477349403;Leland64@hotmail.com;2024-05-14T13:40:54;2024-05-14T11:33:28;true;MALE;Barbara;Jerde;obnoxiously the;false;true
06f4d6af-f115-456c-a46a-89cf39d00b04;Sven71@yahoo.com;2024-05-14T19:24:57;2024-05-14T14:45:22;true;FEMALE;Chanelle;Zulauf;innocently amid;true;false
05171f40-c2fb-4d0d-8fac-7b2cc9d7d164;Stanford98@hotmail.com;2024-05-15T04:47:39;2024-05-14T11:36:00;true;FEMALE;Letha;Cruickshank;ugh able oof;false;false
775d5487-b88e-4d79-a492-0d61e5c38a81;Dashawn.Dietrich@hotmail.com;2024-05-14T11:26:40;2024-05-14T22:38:33;false;FEMALE;Mario;Langosh;hairy into instantly;true;false
278b7a76-de24-400a-86a7-ced4978684fe;Makenzie46@hotmail.com;2024-05-15T07:43:14;2024-05-15T09:44:54;false;MALE;Olga;Wiegand;suddenly;true;false
56682e73-9355-47df-95f3-6aaabff36323;Katelyn_Pacocha0@yahoo.com;2024-05-14T23:12:09;2024-05-14T11:05:58;true;MALE;Alexandrea;Rippin;furthermore;true;false
a67b49ae-9c00-402d-8b1f-1c4f4f5c63ed;Bertha.Hackett@hotmail.com;2024-05-15T02:34:37;2024-05-15T09:42:09;false;MALE;Hillard;Fahey;yum bouncy zowie;true;true
a03dfdd8-c11e-4f21-a638-c0e6c5033712;Niko_Kuhlman@gmail.com;2024-05-14T21:04:38;2024-05-14T15:13:37;false;FEMALE;Samson;Rolfson;surprised marines how;true;true
1223a5fd-bcb1-4d21-b40c-56b578983dba;Nicolette29@yahoo.com;2024-05-15T05:03:25;2024-05-14T15:11:32;false;FEMALE;Kristoffer;Howe;inlay or;false;false
